"id","customer_id","date","revenue_usd","cost_usd","payment_days"
"ORD-1-2023-01","1","2023-01-15","303285","215332","30"
"ORD-1-2023-02","1","2023-02-15","315852","224255","30"
"ORD-1-2023-03","1","2023-03-15","320452","227521","30"
"ORD-1-2023-04","1","2023-04-15","315852","224255","30"
"ORD-1-2023-05","1","2023-05-15","303285","215332","30"
"ORD-1-2023-06","1","2023-06-15","286118","203144","30"
"ORD-1-2023-07","1","2023-07-15","268951","190955","30"
"ORD-1-2023-08","1","2023-08-15","256384","182033","30"
"ORD-1-2023-09","1","2023-09-15","251784","178767","30"
"ORD-1-2023-10","1","2023-10-15","256384","182033","30"
"ORD-1-2023-11","1","2023-11-15","268951","190955","30"
"ORD-1-2023-12","1","2023-12-15","286116","203142","30"
"ORD-1-2024-01","1","2024-01-15","354843","251939","30"
"ORD-1-2024-02","1","2024-02-15","369547","262378","30"
"ORD-1-2024-03","1","2024-03-15","374929","266200","30"
"ORD-1-2024-04","1","2024-04-15","369547","262378","30"
"ORD-1-2024-05","1","2024-05-15","354843","251939","30"
"ORD-1-2024-06","1","2024-06-15","334758","237678","30"
"ORD-1-2024-07","1","2024-07-15","314672","223417","30"
"ORD-1-2024-08","1","2024-08-15","299969","212978","30"
"ORD-1-2024-09","1","2024-09-15","294587","209157","30"
"ORD-1-2024-10","1","2024-10-15","299969","212978","30"
"ORD-1-2024-11","1","2024-11-15","314672","223417","30"
"ORD-1-2024-12","1","2024-12-15","334758","237678","30"
"ORD-1-2025-01","1","2025-01-15","415167","294769","30"
"ORD-1-2025-02","1","2025-02-15","432370","306983","30"
"ORD-1-2025-03","1","2025-03-15","438667","311454","30"
"ORD-1-2025-04","1","2025-04-15","432370","306983","30"
"ORD-1-2025-05","1","2025-05-15","415167","294769","30"
"ORD-1-2025-06","1","2025-06-15","391667","278084","30"
"ORD-1-2025-07","1","2025-07-15","368167","261399","30"
"ORD-1-2025-08","1","2025-08-15","350963","249184","30"
"ORD-1-2025-09","1","2025-09-15","344667","244714","30"
"ORD-1-2025-10","1","2025-10-15","350963","249184","30"
"ORD-1-2025-11","1","2025-11-15","368167","261399","30"
"ORD-1-2025-12","1","2025-12-15","391665","278082","30"
"ORD-2-2023-01","2","2023-01-15","462917","330523","45"
"ORD-2-2023-02","2","2023-02-15","469659","335337","45"
"ORD-2-2023-03","2","2023-03-15","462917","330523","45"
"ORD-2-2023-04","2","2023-04-15","444499","317372","45"
"ORD-2-2023-05","2","2023-05-15","419338","299407","45"
"ORD-2-2023-06","2","2023-06-15","394178","281443","45"
"ORD-2-2023-07","2","2023-07-15","375759","268292","45"
"ORD-2-2023-08","2","2023-08-15","369018","263479","45"
"ORD-2-2023-09","2","2023-09-15","375759","268292","45"
"ORD-2-2023-10","2","2023-10-15","394178","281443","45"
"ORD-2-2023-11","2","2023-11-15","419338","299407","45"
"ORD-2-2023-12","2","2023-12-15","444499","317372","45"
"ORD-2-2024-01","2","2024-01-15","513838","394114","45"
"ORD-2-2024-02","2","2024-02-15","521321","399853","45"
"ORD-2-2024-03","2","2024-03-15","513838","394114","45"
"ORD-2-2024-04","2","2024-04-15","493393","378432","45"
"ORD-2-2024-05","2","2024-05-15","465465","357012","45"
"ORD-2-2024-06","2","2024-06-15","437538","335592","45"
"ORD-2-2024-07","2","2024-07-15","417093","319910","45"
"ORD-2-2024-08","2","2024-08-15","409610","314171","45"
"ORD-2-2024-09","2","2024-09-15","417093","319910","45"
"ORD-2-2024-10","2","2024-10-15","437538","335592","45"
"ORD-2-2024-11","2","2024-11-15","465465","357012","45"
"ORD-2-2024-12","2","2024-12-15","493394","378433","45"
"ORD-2-2025-01","2","2025-01-15","570360","467695","45"
"ORD-2-2025-02","2","2025-02-15","578667","474507","45"
"ORD-2-2025-03","2","2025-03-15","570360","467695","45"
"ORD-2-2025-04","2","2025-04-15","547667","449087","45"
"ORD-2-2025-05","2","2025-05-15","516667","423667","45"
"ORD-2-2025-06","2","2025-06-15","485667","398247","45"
"ORD-2-2025-07","2","2025-07-15","462973","379638","45"
"ORD-2-2025-08","2","2025-08-15","454667","372827","45"
"ORD-2-2025-09","2","2025-09-15","462973","379638","45"
"ORD-2-2025-10","2","2025-10-15","485667","398247","45"
"ORD-2-2025-11","2","2025-11-15","516667","423667","45"
"ORD-2-2025-12","2","2025-12-15","547665","449085","45"
"ORD-3-2023-01","3","2023-01-15","278098","183545","45"
"ORD-3-2023-02","3","2023-02-15","274106","180910","45"
"ORD-3-2023-03","3","2023-03-15","263200","173712","45"
"ORD-3-2023-04","3","2023-04-15","248302","163879","45"
"ORD-3-2023-05","3","2023-05-15","233404","154047","45"
"ORD-3-2023-06","3","2023-06-15","222498","146849","45"
"ORD-3-2023-07","3","2023-07-15","218506","144214","45"
"ORD-3-2023-08","3","2023-08-15","222498","146849","45"
"ORD-3-2023-09","3","2023-09-15","233404","154047","45"
"ORD-3-2023-10","3","2023-10-15","248302","163879","45"
"ORD-3-2023-11","3","2023-11-15","263200","173712","45"
"ORD-3-2023-12","3","2023-12-15","274105","180909","45"
"ORD-3-2024-01","3","2024-01-15","283660","187216","45"
"ORD-3-2024-02","3","2024-02-15","279588","184528","45"
"ORD-3-2024-03","3","2024-03-15","268464","177186","45"
"ORD-3-2024-04","3","2024-04-15","253268","167157","45"
"ORD-3-2024-05","3","2024-05-15","238072","157128","45"
"ORD-3-2024-06","3","2024-06-15","226948","149786","45"
"ORD-3-2024-07","3","2024-07-15","222876","147098","45"
"ORD-3-2024-08","3","2024-08-15","226948","149786","45"
"ORD-3-2024-09","3","2024-09-15","238072","157128","45"
"ORD-3-2024-10","3","2024-10-15","253268","167157","45"
"ORD-3-2024-11","3","2024-11-15","268464","177186","45"
"ORD-3-2024-12","3","2024-12-15","279588","184528","45"
"ORD-3-2025-01","3","2025-01-15","289333","190960","45"
"ORD-3-2025-02","3","2025-02-15","285180","188219","45"
"ORD-3-2025-03","3","2025-03-15","273833","180730","45"
"ORD-3-2025-04","3","2025-04-15","258333","170500","45"
"ORD-3-2025-05","3","2025-05-15","242833","160270","45"
"ORD-3-2025-06","3","2025-06-15","231487","152781","45"
"ORD-3-2025-07","3","2025-07-15","227333","150040","45"
"ORD-3-2025-08","3","2025-08-15","231487","152781","45"
"ORD-3-2025-09","3","2025-09-15","242833","160270","45"
"ORD-3-2025-10","3","2025-10-15","258333","170500","45"
"ORD-3-2025-11","3","2025-11-15","273833","180730","45"
"ORD-3-2025-12","3","2025-12-15","285182","188220","45"
"ORD-4-2023-01","4","2023-01-15","382245","298151","30"
"ORD-4-2023-02","4","2023-02-15","367036","286288","30"
"ORD-4-2023-03","4","2023-03-15","346260","270083","30"
"ORD-4-2023-04","4","2023-04-15","325485","253878","30"
"ORD-4-2023-05","4","2023-05-15","310276","242015","30"
"ORD-4-2023-06","4","2023-06-15","304709","237673","30"
"ORD-4-2023-07","4","2023-07-15","310276","242015","30"
"ORD-4-2023-08","4","2023-08-15","325485","253878","30"
"ORD-4-2023-09","4","2023-09-15","346260","270083","30"
"ORD-4-2023-10","4","2023-10-15","367036","286288","30"
"ORD-4-2023-11","4","2023-11-15","382245","298151","30"
"ORD-4-2023-12","4","2023-12-15","387812","302493","30"
"ORD-4-2024-01","4","2024-01-15","435759","339892","30"
"ORD-4-2024-02","4","2024-02-15","418421","326368","30"
"ORD-4-2024-03","4","2024-03-15","394737","307895","30"
"ORD-4-2024-04","4","2024-04-15","371053","289421","30"
"ORD-4-2024-05","4","2024-05-15","353715","275898","30"
"ORD-4-2024-06","4","2024-06-15","347368","270947","30"
"ORD-4-2024-07","4","2024-07-15","353715","275898","30"
"ORD-4-2024-08","4","2024-08-15","371053","289421","30"
"ORD-4-2024-09","4","2024-09-15","394737","307895","30"
"ORD-4-2024-10","4","2024-10-15","418421","326368","30"
"ORD-4-2024-11","4","2024-11-15","435759","339892","30"
"ORD-4-2024-12","4","2024-12-15","442104","344841","30"
"ORD-4-2025-01","4","2025-01-15","496765","387477","30"
"ORD-4-2025-02","4","2025-02-15","477000","372060","30"
"ORD-4-2025-03","4","2025-03-15","450000","351000","30"
"ORD-4-2025-04","4","2025-04-15","423000","329940","30"
"ORD-4-2025-05","4","2025-05-15","403235","314523","30"
"ORD-4-2025-06","4","2025-06-15","396000","308880","30"
"ORD-4-2025-07","4","2025-07-15","403235","314523","30"
"ORD-4-2025-08","4","2025-08-15","423000","329940","30"
"ORD-4-2025-09","4","2025-09-15","450000","351000","30"
"ORD-4-2025-10","4","2025-10-15","477000","372060","30"
"ORD-4-2025-11","4","2025-11-15","496765","387477","30"
"ORD-4-2025-12","4","2025-12-15","504000","393120","30"
"ORD-5-2023-01","5","2023-01-15","166174","114660","45"
"ORD-5-2023-02","5","2023-02-15","156768","108170","45"
"ORD-5-2023-03","5","2023-03-15","147362","101680","45"
"ORD-5-2023-04","5","2023-04-15","140476","96928","45"
"ORD-5-2023-05","5","2023-05-15","137956","95190","45"
"ORD-5-2023-06","5","2023-06-15","140476","96928","45"
"ORD-5-2023-07","5","2023-07-15","147362","101680","45"
"ORD-5-2023-08","5","2023-08-15","156768","108170","45"
"ORD-5-2023-09","5","2023-09-15","166174","114660","45"
"ORD-5-2023-10","5","2023-10-15","173060","119411","45"
"ORD-5-2023-11","5","2023-11-15","175580","121150","45"
"ORD-5-2023-12","5","2023-12-15","173059","119411","45"
"ORD-5-2024-01","5","2024-01-15","202732","139885","45"
"ORD-5-2024-02","5","2024-02-15","191257","131967","45"
"ORD-5-2024-03","5","2024-03-15","179781","124049","45"
"ORD-5-2024-04","5","2024-04-15","171381","118253","45"
"ORD-5-2024-05","5","2024-05-15","168306","116131","45"
"ORD-5-2024-06","5","2024-06-15","171381","118253","45"
"ORD-5-2024-07","5","2024-07-15","179781","124049","45"
"ORD-5-2024-08","5","2024-08-15","191257","131967","45"
"ORD-5-2024-09","5","2024-09-15","202732","139885","45"
"ORD-5-2024-10","5","2024-10-15","211133","145682","45"
"ORD-5-2024-11","5","2024-11-15","214208","147804","45"
"ORD-5-2024-12","5","2024-12-15","211133","145682","45"
"ORD-5-2025-01","5","2025-01-15","247333","170660","45"
"ORD-5-2025-02","5","2025-02-15","233333","161000","45"
"ORD-5-2025-03","5","2025-03-15","219333","151340","45"
"ORD-5-2025-04","5","2025-04-15","209085","144269","45"
"ORD-5-2025-05","5","2025-05-15","205333","141680","45"
"ORD-5-2025-06","5","2025-06-15","209085","144269","45"
"ORD-5-2025-07","5","2025-07-15","219333","151340","45"
"ORD-5-2025-08","5","2025-08-15","233333","161000","45"
"ORD-5-2025-09","5","2025-09-15","247333","170660","45"
"ORD-5-2025-10","5","2025-10-15","257582","177732","73"
"ORD-5-2025-11","5","2025-11-15","261333","180320","73"
"ORD-5-2025-12","5","2025-12-15","257584","177733","73"
"ORD-6-2023-01","6","2023-01-15","168279","124526","60"
"ORD-6-2023-02","6","2023-02-15","158182","117055","60"
"ORD-6-2023-03","6","2023-03-15","150791","111585","60"
"ORD-6-2023-04","6","2023-04-15","148085","109583","60"
"ORD-6-2023-05","6","2023-05-15","150791","111585","60"
"ORD-6-2023-06","6","2023-06-15","158182","117055","60"
"ORD-6-2023-07","6","2023-07-15","168279","124526","60"
"ORD-6-2023-08","6","2023-08-15","178375","131998","60"
"ORD-6-2023-09","6","2023-09-15","185767","137468","60"
"ORD-6-2023-10","6","2023-10-15","188472","139469","60"
"ORD-6-2023-11","6","2023-11-15","185767","137468","60"
"ORD-6-2023-12","6","2023-12-15","178373","131996","60"
"ORD-6-2024-01","6","2024-01-15","163230","120790","60"
"ORD-6-2024-02","6","2024-02-15","153436","113543","60"
"ORD-6-2024-03","6","2024-03-15","146267","108238","60"
"ORD-6-2024-04","6","2024-04-15","143643","106296","60"
"ORD-6-2024-05","6","2024-05-15","146267","108238","60"
"ORD-6-2024-06","6","2024-06-15","153436","113543","60"
"ORD-6-2024-07","6","2024-07-15","163230","120790","60"
"ORD-6-2024-08","6","2024-08-15","173024","128038","60"
"ORD-6-2024-09","6","2024-09-15","180194","133344","60"
"ORD-6-2024-10","6","2024-10-15","182818","135285","60"
"ORD-6-2024-11","6","2024-11-15","180194","133344","60"
"ORD-6-2024-12","6","2024-12-15","173024","128038","60"
"ORD-6-2025-01","6","2025-01-15","158333","117166","60"
"ORD-6-2025-02","6","2025-02-15","148833","110136","60"
"ORD-6-2025-03","6","2025-03-15","141879","104990","60"
"ORD-6-2025-04","6","2025-04-15","139333","103106","60"
"ORD-6-2025-05","6","2025-05-15","141879","104990","60"
"ORD-6-2025-06","6","2025-06-15","148833","110136","60"
"ORD-6-2025-07","6","2025-07-15","158333","117166","60"
"ORD-6-2025-08","6","2025-08-15","167833","124196","60"
"ORD-6-2025-09","6","2025-09-15","174788","129343","60"
"ORD-6-2025-10","6","2025-10-15","177333","131226","60"
"ORD-6-2025-11","6","2025-11-15","174788","129343","60"
"ORD-6-2025-12","6","2025-12-15","167835","124198","60"
"ORD-7-2023-01","7","2023-01-15","184296","149280","60"
"ORD-7-2023-02","7","2023-02-15","175684","142304","60"
"ORD-7-2023-03","7","2023-03-15","172532","139751","60"
"ORD-7-2023-04","7","2023-04-15","175684","142304","60"
"ORD-7-2023-05","7","2023-05-15","184296","149280","60"
"ORD-7-2023-06","7","2023-06-15","196059","158808","60"
"ORD-7-2023-07","7","2023-07-15","207823","168337","60"
"ORD-7-2023-08","7","2023-08-15","216434","175312","60"
"ORD-7-2023-09","7","2023-09-15","219586","177865","60"
"ORD-7-2023-10","7","2023-10-15","216434","175312","60"
"ORD-7-2023-11","7","2023-11-15","207823","168337","60"
"ORD-7-2023-12","7","2023-12-15","196060","158809","60"
"ORD-7-2024-01","7","2024-01-15","186139","150773","60"
"ORD-7-2024-02","7","2024-02-15","177441","143727","60"
"ORD-7-2024-03","7","2024-03-15","174257","141148","60"
"ORD-7-2024-04","7","2024-04-15","177441","143727","60"
"ORD-7-2024-05","7","2024-05-15","186139","150773","60"
"ORD-7-2024-06","7","2024-06-15","198020","160396","60"
"ORD-7-2024-07","7","2024-07-15","209901","170020","60"
"ORD-7-2024-08","7","2024-08-15","218599","177065","60"
"ORD-7-2024-09","7","2024-09-15","221782","179643","60"
"ORD-7-2024-10","7","2024-10-15","218599","177065","60"
"ORD-7-2024-11","7","2024-11-15","209901","170020","60"
"ORD-7-2024-12","7","2024-12-15","198019","160395","60"
"ORD-7-2025-01","7","2025-01-15","188000","152280","60"
"ORD-7-2025-02","7","2025-02-15","179215","145164","60"
"ORD-7-2025-03","7","2025-03-15","176000","142560","60"
"ORD-7-2025-04","7","2025-04-15","179215","145164","60"
"ORD-7-2025-05","7","2025-05-15","188000","152280","60"
"ORD-7-2025-06","7","2025-06-15","200000","162000","60"
"ORD-7-2025-07","7","2025-07-15","212000","171720","60"
"ORD-7-2025-08","7","2025-08-15","220785","178836","60"
"ORD-7-2025-09","7","2025-09-15","224000","181440","60"
"ORD-7-2025-10","7","2025-10-15","220785","178836","60"
"ORD-7-2025-11","7","2025-11-15","212000","171720","60"
"ORD-7-2025-12","7","2025-12-15","200000","162000","60"
"ORD-8-2023-01","8","2023-01-15","322687","274284","85"
"ORD-8-2023-02","8","2023-02-15","316898","269363","85"
"ORD-8-2023-03","8","2023-03-15","322687","274284","85"
"ORD-8-2023-04","8","2023-04-15","338504","287728","85"
"ORD-8-2023-05","8","2023-05-15","360111","306094","85"
"ORD-8-2023-06","8","2023-06-15","381717","324459","85"
"ORD-8-2023-07","8","2023-07-15","397535","337905","85"
"ORD-8-2023-08","8","2023-08-15","403324","342825","85"
"ORD-8-2023-09","8","2023-09-15","397535","337905","85"
"ORD-8-2023-10","8","2023-10-15","381717","324459","85"
"ORD-8-2023-11","8","2023-11-15","360111","306094","85"
"ORD-8-2023-12","8","2023-12-15","338504","287728","85"
"ORD-8-2024-01","8","2024-01-15","306553","260570","85"
"ORD-8-2024-02","8","2024-02-15","301053","255895","85"
"ORD-8-2024-03","8","2024-03-15","306553","260570","85"
"ORD-8-2024-04","8","2024-04-15","321579","273342","85"
"ORD-8-2024-05","8","2024-05-15","342105","290789","85"
"ORD-8-2024-06","8","2024-06-15","362632","308237","85"
"ORD-8-2024-07","8","2024-07-15","377658","321009","85"
"ORD-8-2024-08","8","2024-08-15","383158","325684","85"
"ORD-8-2024-09","8","2024-09-15","377658","321009","85"
"ORD-8-2024-10","8","2024-10-15","362632","308237","85"
"ORD-8-2024-11","8","2024-11-15","342105","290789","85"
"ORD-8-2024-12","8","2024-12-15","321577","273340","85"
"ORD-8-2025-01","8","2025-01-15","291225","247541","85"
"ORD-8-2025-02","8","2025-02-15","286000","243100","85"
"ORD-8-2025-03","8","2025-03-15","291225","247541","85"
"ORD-8-2025-04","8","2025-04-15","305500","259675","85"
"ORD-8-2025-05","8","2025-05-15","325000","276250","85"
"ORD-8-2025-06","8","2025-06-15","344500","292825","85"
"ORD-8-2025-07","8","2025-07-15","358775","304959","85"
"ORD-8-2025-08","8","2025-08-15","364000","309400","85"
"ORD-8-2025-09","8","2025-09-15","358775","304959","85"
"ORD-8-2025-10","8","2025-10-15","344500","292825","85"
"ORD-8-2025-11","8","2025-11-15","325000","276250","85"
"ORD-8-2025-12","8","2025-12-15","305500","259675","85"