"id","customer_id","note"
"NOTE-1-1","1","Nine-year relationship; historical payments are reliable. Purchases are entirely specialty grades with high added value."
"NOTE-1-2","1","Customer requests a $350,000 one-time commercial settlement, payable over 12 months, following a claimed process loss. The fictional technical review reports material within specification; the cause and commercial terms remain open."
"NOTE-2-1","2","Revenue is growing while gross margin fell 5.3 percentage points. Energy, freight and pricing drivers still need validation."
"NOTE-2-2","2","Reliable technical collaboration. The next sourcing review should examine product-level contribution, not revenue alone."
"NOTE-3-1","3","Order frequency declining for four consecutive months."
"NOTE-3-2","3","High margin but flat growth — treat as stable, not a growth account."
"NOTE-4-1","4","Commercial team reports rising specialty nutrition demand; validate against the crop calendar and distributor sell-through."
"NOTE-4-2","4","Historical payments are reliable. No farm-level outcome or environmental certification data is included in this demo."
"NOTE-5-1","5","Payment terms extended from 45 to 73 days this quarter — worth monitoring."
"NOTE-5-2","5","Fastest-growing account in the portfolio by percentage."
"NOTE-6-1","6","Revenue softening for two consecutive quarters."
"NOTE-6-2","6","No active opportunities in pipeline."
"NOTE-7-1","7","Sales are broadly flat in this illustrative account history."
"NOTE-7-2","7","Differentiation and customer process requirements need review before increasing exposure."
"NOTE-8-1","8","Payment delays increasing over the past two quarters."
"NOTE-8-2","8","Declining margin and declining volume — candidate for reduced allocation."